<items gfxroot="resources/gfx/items/" version="1">
	<passive cache="firedelay" description="Tears up" gfx="Collectibles_001_TheSadOnion.png" id="1" name="The Sad Onion" />
	<passive cache="firedelay" description="Triple shot" gfx="Collectibles_002_TheInnerEye.png" id="2" name="The Inner Eye" />
	<passive cache="speed tearcolor tearflag" description="Homing shots" gfx="Collectibles_003_SpoonBender.png" id="3" name="Spoon Bender" />
	<passive cache="damage shotspeed" description="DMG up" gfx="Collectibles_004_CricketsHead.png" id="4" name="Cricket's Head" />
	<passive cache="tearflag shotspeed range" description="Boomerang tears" gfx="Collectibles_005_MyReflection.png" id="5" name="My Reflection" />
	<passive cache="firedelay range tearcolor" description="Tears up" gfx="Collectibles_006_NumberOne.png" id="6" name="Number One" />
	<passive cache="damage" description="DMG up" gfx="Collectibles_007_BloodOfTheMartyr.png" id="7" name="Blood of the Martyr" />
	<familiar description="Friends 'till the end" gfx="Collectibles_008_BrotherBobby.png" id="8" name="Brother Bobby" />
	<passive description="Fly love" gfx="Collectibles_009_Skatole.png" id="9" name="Skatole" />
	<familiar description="Projectile protection " gfx="Collectibles_010_HaloOfFlies.png" id="10" name="Halo of Flies" />
	<familiar description="Extra life" gfx="Collectibles_011_1Up.png" id="11" name="1up!" />
	<passive cache="damage range speed" description="All stats up!" gfx="Collectibles_012_MagicMushroom.png" hearts="100" id="12" maxhearts="2" name="Magic Mushroom" />
	<passive description="Poison touch" gfx="Collectibles_013_TheVirus.png" id="13" name="The Virus" />
	<passive cache="range speed" description="Speed and range up" gfx="Collectibles_014_RoidRage.png" id="14" name="Roid Rage" />
	<passive description="HP up" gfx="Collectibles_015_Heart.png" hearts="99" id="15" maxhearts="2" name="&lt;3" />
	<passive description="HP up" gfx="Collectibles_016_RawLiver.png" hearts="99" id="16" maxhearts="4" name="Raw Liver" />
	<passive description="99 keys" gfx="Collectibles_017_SkeletonKey.png" id="17" keys="99" name="Skeleton Key" />
	<passive coins="99" description="$$$" gfx="Collectibles_018_ADollar.png" id="18" name="A Dollar" />
	<passive bombs="10" description="10 bombs" gfx="Collectibles_019_Boom.png" id="19" name="Boom!" />
	<passive achievement="8" cache="flying" description="We all float down here..." gfx="Collectibles_020_Transcendence.png" id="20" name="Transcendence" />
	<passive description="The end is near" gfx="Collectibles_021_TheCompass.png" id="21" name="The Compass" />
	<passive description="HP up" gfx="Collectibles_022_Lunch.png" hearts="2" id="22" maxhearts="2" name="Lunch" />
	<passive description="HP up" gfx="Collectibles_023_Dinner.png" hearts="2" id="23" maxhearts="2" name="Dinner" />
	<passive description="HP up" gfx="Collectibles_024_Dessert.png" hearts="2" id="24" maxhearts="2" name="Dessert" />
	<passive description="HP up" gfx="Collectibles_025_Breakfast.png" hearts="2" id="25" maxhearts="2" name="Breakfast" />
	<passive description="HP up" gfx="Collectibles_026_RottenMeat.png" hearts="2" id="26" maxhearts="2" name="Rotten Meat" />
	<passive cache="speed" description="Speed up" gfx="Collectibles_027_WoodenSpoon.png" id="27" name="Wooden Spoon" />
	<passive cache="speed" description="Speed up" gfx="Collectibles_028_TheBelt.png" id="28" name="The Belt" />
	<passive cache="range" description="Range up" gfx="Collectibles_029_MomsUnderwear.png" id="29" name="Mom's Underwear" />
	<passive cache="range" description="Range up" gfx="Collectibles_030_MomsHeels.png" id="30" name="Mom's Heels" />
	<passive cache="range" description="Range up" gfx="Collectibles_031_MomsLipstick.png" id="31" name="Mom's Lipstick" />
	<passive achievement="139" cache="firedelay" description="Tears up" gfx="Collectibles_032_WireCoatHanger.png" id="32" name="Wire Coat Hanger" />
	<active cache="flying" description="Temporary flight" gfx="Collectibles_033_TheBible.png" id="33" maxcharges="6" name="The Bible" />
	<active cache="damage" description="Temporary DMG up" gfx="Collectibles_034_TheBookOfBelial.png" id="34" maxcharges="3" name="The Book of Belial" />
	<active achievement="36" description="Mass room damage" gfx="Collectibles_035_TheNecronomicon.png" id="35" maxcharges="6" name="The Necronomicon" />
	<active description="Plop!" gfx="Collectibles_036_ThePoop.png" id="36" maxcharges="1" name="The Poop" />
	<active description="Reusable bomb buddy" gfx="Collectibles_037_MrBoom.png" id="37" maxcharges="2" name="Mr. Boom" />
	<active description="Reusable tear burst" gfx="Collectibles_038_TammysHead.png" id="38" maxcharges="1" name="Tammy's Head" />
	<active cooldown="220" description="Mass fear" gfx="Collectibles_039_MomsBra.png" id="39" maxcharges="3" name="Mom's Bra" />
	<active cooldown="30" description="Become the bomb!" gfx="Collectibles_040_Kamikaze.png" id="40" maxcharges="0" name="Kamikaze!" />
	<active cooldown="180" description="Gross..." gfx="Collectibles_041_MomsPad.png" id="41" maxcharges="3" name="Mom's Pad" />
	<active description="Reusable ranged bomb" gfx="Collectibles_042_BobsRottenHead.png" id="42" maxcharges="3" name="Bob's Rotten Head" />
	<active description="" id="43" name="Pills here!" />
	<active cooldown="30" description="Teleport!" gfx="Collectibles_044_Teleport.png" id="44" maxcharges="2" name="Teleport!" />
	<active description="Reusable regeneration" gfx="Collectibles_045_YumHeart.png" id="45" maxcharges="4" name="Yum Heart" />
	<passive cache="luck" description="Luck up" gfx="Collectibles_046_LuckyFoot.png" id="46" name="Lucky Foot" />
	<active description="Reusable air strike" gfx="Collectibles_047_DoctorsRemote.png" id="47" maxcharges="2" name="Doctor's Remote" />
	<passive cache="tearflag" description="Piercing shots" gfx="Collectibles_048_CupidsArrow.png" id="48" name="Cupid's Arrow" />
	<active description="BLLLARRRRGGG!" gfx="Collectibles_049_ShoopDaWhoop.png" id="49" maxcharges="2" name="Shoop da Whoop!" />
	<passive cache="damage" description="DMG up" gfx="Collectibles_050_Steven.png" id="50" name="Steven" />
	<passive cache="damage" description="DMG up" gfx="Collectibles_051_Pentagram.png" id="51" name="Pentagram" />
	<passive achievement="11" cache="all" description="???" gfx="Collectibles_052_DrFetus.png" id="52" name="Dr. Fetus" />
	<passive description="Item snatcher" gfx="Collectibles_053_Magneto.png" id="53" name="Magneto" />
	<passive description="Full visible map" gfx="Collectibles_054_TreasureMap.png" id="54" name="Treasure Map" />
	<passive description="Eye in the back of your head" gfx="Collectibles_055_MomsEye.png" id="55" name="Mom's Eye" />
	<active description="Oops..." gfx="Collectibles_056_LemonMishap.png" id="56" maxcharges="2" name="Lemon Mishap" />
	<familiar description="Attack fly" gfx="Collectibles_057_DistantAdmiration.png" id="57" name="Distant Admiration" />
	<active cooldown="300" description="Temporary invincibility" gfx="Collectibles_058_BookOfShadows.png" id="58" maxcharges="3" name="Book of Shadows" />
	
	<passive cache="tearflag" description="Building bridges" gfx="Collectibles_060_TheLadder.png" id="60" name="The Ladder" />
	<passive description="" id="61" name="Tarot Card" />
	<passive description="Kills heal" gfx="Collectibles_062_CharmOfTheVampire.png" id="62" name="Charm of the Vampire" />
	<passive description="Stores energy" gfx="Collectibles_063_TheBattery.png" id="63" name="The Battery" />
	<passive description="50% off" gfx="Collectibles_064_SteamSale.png" id="64" name="Steam Sale" />
	<active cooldown="35" description="Summon bombs" gfx="Collectibles_065_AnarchistCookbook.png" id="65" maxcharges="3" name="Anarchist Cookbook" />
	<active cooldown="230" description="Temporary enemy slowdown" gfx="Collectibles_066_TheHourglass.png" id="66" maxcharges="2" name="The Hourglass" />
	<familiar description="Friends 'till the end" gfx="Collectibles_067_SisterMaggy.png" id="67" name="Sister Maggy" />
	<passive cache="all" description="Laser tears" gfx="Collectibles_068_Technology.png" id="68" name="Technology" />
	<passive cache="all" description="Charge shots" gfx="Collectibles_069_ChocolateMilk.png" id="69" name="Chocolate Milk" />
	<passive cache="damage speed" description="Speed + DMG up" gfx="Collectibles_070_GrowthHormones.png" id="70" name="Growth Hormones" />
	<passive cache="speed range" description="Speed + range up" gfx="Collectibles_071_MiniMushroom.png" id="71" name="Mini Mush" />
	<passive description="Faith up" gfx="Collectibles_072_Rosary.png" id="72" name="Rosary" soulhearts="6" />
	<familiar achievement="6" description="Gotta meat 'em all" gfx="Collectibles_073_CubeOfMeat.png" id="73" name="Cube of Meat" />
	<passive achievement="10" coins="25" description=" +25 coins" gfx="Collectibles_074_AQuarter.png" id="74" name="A Quarter" />
	<passive description="Better pills" gfx="Collectibles_075_PHD.png" hearts="4" id="75" name="PHD" />
	<passive description="I've seen everything" gfx="Collectibles_076_XrayVision.png" id="76" name="X-Ray Vision" />
	<active cache="speed" cooldown="180" description="Temporary badass" gfx="Collectibles_077_MyLittleUnicorn.png" id="77" maxcharges="6" name="My Little Unicorn" />
	<active achievement="7" description="Reusable soul protection" gfx="Collectibles_078_BookOfRevelations.png" id="78" maxcharges="6" name="Book of Revelations" />
	<passive cache="damage speed" description="DMG up" gfx="Collectibles_079_TheMark.png" id="79" name="The Mark" soulhearts="2" />
	<passive cache="damage firedelay" description="DMG + tears up" devilprice="2" gfx="Collectibles_080_ThePact.png" id="80" name="The Pact" soulhearts="4" />
	<familiar description="9 lives" devilprice="2" gfx="Collectibles_081_DeadCat.png" id="81" name="Dead Cat" />
	<passive cache="flying" description="Demon wings" devilprice="2" gfx="Collectibles_082_LordOfThePit.png" id="82" name="Lord of the Pit" />
	<active achievement="9" cache="speed damage" description="Temporary demon form" devilprice="2" gfx="Collectibles_083_TheNail.png" id="83" maxcharges="6" name="The Nail" />
	<active description="Reusable level skip" gfx="Collectibles_084_WeNeedToGoDeeper.png" id="84" maxcharges="6" name="We Need To Go Deeper!" />
	<active description="Reusable card generator " gfx="Collectibles_085_DeckOfCards.png" id="85" maxcharges="6" name="Deck of Cards" />
	<active achievement="13" description="Summon Monstro" gfx="Collectibles_086_MonstrosTooth.png" id="86" maxcharges="3" name="Monstro's Tooth" />
	<passive achievement="15" description="Cross tears" gfx="Collectibles_087_LokisHorns.png" id="87" name="Loki's Horns" />
	<familiar achievement="14" description="Attack buddy" gfx="Collectibles_088_LittleChubby.png" id="88" name="Little Chubby" />
	<passive cache="tearcolor tearflag" description="Slow effect" gfx="Collectibles_089_SpidersBite.png" id="89" name="Spider Bite" />
	<passive achievement="12" cache="tearcolor damage" description="DMG up" gfx="Collectibles_090_SmallRock.png" id="90" name="The Small Rock" />
	<passive description="See-through doors" gfx="Collectibles_091_SpelunkerHat.png" id="91" name="Spelunker Hat" />
	<passive achievement="19" description=" +2 hearts" gfx="Collectibles_092_SuperBandage.png" hearts="2" id="92" maxhearts="2" name="Super Bandage" soulhearts="4" />
	<active achievement="26" cooldown="200" description="Temporary Man-Pac" gfx="Collectibles_093_TheGameKid.png" id="93" maxcharges="6" name="The Gamekid" />
	<familiar achievement="21" description="Gives money" gfx="Collectibles_094_SackOfPennies.png" id="94" name="Sack of Pennies" />
	<familiar description="Friends 'till the bbbbzzzt" gfx="Collectibles_095_RoboBaby.png" id="95" name="Robo-Baby" />
	<familiar achievement="25" description="Gives kisses" gfx="Collectibles_096_LittleChad.png" id="96" name="Little C.H.A.D." />
	<active achievement="22" description="Reusable item generator" gfx="Collectibles_097_BookOfSin.png" id="97" maxcharges="4" name="The Book of Sin" />
	<familiar achievement="20" description="Soul generator" gfx="Collectibles_098_TheRelic.png" id="98" name="The Relic" />
	<familiar achievement="23" description="Sticky friend" gfx="Collectibles_099_LittleGish.png" id="99" name="Little Gish" />
	<familiar achievement="24" description="Psychic friend" gfx="Collectibles_100_LittleSteve.png" id="100" name="Little Steven" />
	<passive achievement="27" cache="damage firedelay range speed" description="All stats up" gfx="Collectibles_101_TheHalo.png" hearts="2" id="101" maxhearts="2" name="The Halo" />
	<active description="Reusable pill generator" gfx="Collectibles_102_MomsBottleOfPills.png" id="102" maxcharges="6" name="Mom's Bottle of Pills" />
	<passive cache="tearcolor tearflag" description="Poison damage" gfx="Collectibles_103_TheCommonCold.png" id="103" name="The Common Cold" />
	<passive achievement="31" cache="tearcolor tearflag" description="Split shot" gfx="Collectibles_104_TheParasite.png" id="104" name="The Parasite" />
	<active achievement="29" description="Reroll your destiny " gfx="Collectibles_105_Dice.png" id="105" maxcharges="6" name="The D6" />
	<passive achievement="28" bombs="5" description="Blast damage" gfx="Collectibles_106_MrMega.png" id="106" name="Mr. Mega" />
	<active cache="familiars" description="Cut and run" gfx="Collectibles_107_PinkingShears.png" id="107" maxcharges="6" name="The Pinking Shears" />
	<passive description="Damage resistance" gfx="Collectibles_108_TheWafer.png" id="108" name="The Wafer" />
	<passive cache="damage" description="$$$ = DMG" gfx="Collectibles_109_MoneyisPower.png" id="109" name="Money = Power" />
	<passive achievement="35" cache="tearcolor tearflag" description="Freeze effect" gfx="Collectibles_110_MomsContacts.png" id="110" name="Mom's Contacts" />
	<active description="Toot on command" gfx="Collectibles_111_TheBean.png" id="111" maxcharges="1" name="The Bean" />
	<familiar achievement="45" description="Extra protection" gfx="Collectibles_112_GuardianAngel.png" id="112" name="Guardian Angel" />
	<familiar achievement="47" description="Auto-turret friend" gfx="Collectibles_113_DemonBaby.png" id="113" name="Demon Baby" />
	<passive achievement="43" cache="all" description="Stab stab stab" devilprice="2" gfx="Collectibles_114_MomsKnife.png" id="114" name="Mom's Knife" />
	<passive cache="tearflag tearcolor" description="Spectral tears" gfx="Collectibles_115_OuijaBoard.png" id="115" name="Ouija Board" />
	<passive description="Quicker charge" gfx="Collectibles_116_9Volt.png" id="116" name="9 Volt" />
	<passive cache="familiars" description="Protective buddy" gfx="Collectibles_117_DeadBird.png" id="117" name="Dead Bird" />
	<passive cache="all" description="Blood laser barrage" devilprice="2" gfx="Collectibles_118_Brimstone.png" id="118" name="Brimstone" />
	<passive achievement="147" description="HP up" gfx="Collectibles_119_BloodBag.png" hearts="10" id="119" maxhearts="2" name="Blood Bag" />
	<passive cache="damage firedelay speed" description="Fire rate up" gfx="Collectibles_120_OddMushroomThin.png" id="120" name="Odd Mushroom" />
	<passive cache="damage speed range" description="DMG up" gfx="Collectibles_121_OddMushroomLarge.png" id="121" maxhearts="2" name="Odd Mushroom" />
	<passive cache="damage speed" description="Curse up" gfx="Collectibles_122_WhoreOFBabylon.png" id="122" name="Whore of Babylon" />
	<active description="Temporary buddy generator" gfx="Collectibles_123_MonsterManual.png" id="123" maxcharges="3" name="Monster Manual" />
	<active description="It's a mystery" gfx="Collectibles_124_DeadSeaScrolls.png" id="124" maxcharges="2" name="Dead Sea Scrolls" />
	<passive bombs="5" description="Homing bombs" gfx="Collectibles_125_BobbyBomb.png" id="125" name="Bobby-Bomb" />
	<active achievement="44" cache="damage" description="Feel my pain" gfx="Collectibles_126_RazorBlade.png" id="126" maxcharges="0" name="Razor Blade" />
	<active achievement="48" description="I don't remember..." gfx="Collectibles_127_ForgetMeNow.png" id="127" maxcharges="1" name="Forget Me Now" />
	<familiar description="Attack fly" gfx="Collectibles_128_ForeverAlone.png" id="128" name="Forever alone" />
	<passive cache="speed" description="HP up" gfx="Collectibles_129_BucketofLard.png" hearts="1" id="129" maxhearts="4" name="Bucket of Lard" />
	<active cache="flying speed" description="Flight + dash attack" gfx="Collectibles_130_APony.png" id="130" maxcharges="4" name="A Pony" />
	<familiar achievement="46" description="Gives bombs" gfx="Collectibles_131_BombBag.png" id="131" name="Bomb Bag" />
	<passive cache="damage tearflag tearcolor" description="My Xmas present" gfx="Collectibles_132_ALumpOfCoal.png" id="132" name="A Lump of Coal" />
	<active description="Soul converter" devilprice="2" gfx="Collectibles_133_GuppysPaw.png" id="133" maxcharges="0" name="Guppy's Paw" />
	<passive description="Cursed?" devilprice="2" gfx="Collectibles_134_GuppysTail.png" id="134" name="Guppy's Tail" />
	<active cooldown="15" description="Portable blood bank" gfx="Collectibles_135_IVBag.png" id="135" maxcharges="0" name="IV Bag" />
	<active description="Friends 'till the end" gfx="Collectibles_136_BestFriend.png" id="136" maxcharges="3" name="Best Friend" />
	<active bombs="5" cooldown="2" description="Remote bomb detonation" gfx="Collectibles_137_RemoteDetonator.png" id="137" maxcharges="0" name="Remote Detonator" />
	<passive cache="damage" description="DMG + HP up" gfx="Collectibles_138_Stigmata.png" hearts="2" id="138" maxhearts="2" name="Stigmata" />
	<passive description="More trinket room" gfx="Collectibles_139_MomsPurse.png" id="139" name="Mom's Purse" />
	<passive bombs="5" description=" +5 poison bombs" gfx="Collectibles_140_BobsCurse.png" id="140" name="Bob's Curse" />
	<passive description="Ultimate grand supreme" gfx="Collectibles_141_PageantBoy.png" id="141" name="Pageant Boy" />
	<passive description="You have been blessed" gfx="Collectibles_142_Scapular.png" id="142" name="Scapular" />
	<passive cache="speed shotspeed" description="Speed + shot speed up" gfx="Collectibles_143_Speedball.png" id="143" name="Speed Ball" />
	<familiar description="He's greedy" gfx="Collectibles_144_BumFriend.png" id="144" name="Bum Friend" />
	<active description="Reusable fly hive" devilprice="2" gfx="Collectibles_145_GuppysHead.png" id="145" maxcharges="1" name="Guppy's Head" />
	<active description="Reusable eternity " gfx="Collectibles_146_PrayerCard.png" id="146" maxcharges="6" name="Prayer Card" />
	<active description="Rocks don't stand a chance" gfx="Collectibles_147_NotchedAxe.png" id="147" maxcharges="3" name="Notched Axe" />
	<passive description="They grow inside" gfx="Collectibles_148_Infestation.png" id="148" name="Infestation" />
	<passive achievement="140" cache="all" description="Explosive shots" gfx="Collectibles_149_Ipecac.png" id="149" name="Ipecac" />
	<passive description="Tooth shot" gfx="Collectibles_150_ToughLove.png" id="150" name="Tough Love" />
	<passive cache="tearflag" description="They grow inside" gfx="Collectibles_151_TheMulligan.png" id="151" name="The Mulligan" />
	<passive cache="weapon damage" description="Laser" gfx="Collectibles_152_Technology2.png" id="152" name="Technology 2" />
	<passive cache="firedelay" description="Quad shot" gfx="Collectibles_153_MutantSpider.png" id="153" name="Mutant Spider" />
	<passive cache="damage" description="DMG up" gfx="Collectibles_154_ChemicalPeel.png" id="154" name="Chemical Peel" />
	<familiar description="Plop!" gfx="Collectibles_155_ThePeeper.png" id="155" name="The Peeper" />
	<passive description="Item martyr" gfx="Collectibles_156_Habit.png" id="156" name="Habit" />
	<passive achievement="54" cache="damage" description="RAGE!" gfx="Collectibles_157_BloodyLust.png" id="157" name="Bloody Lust" />
	<active description="I see my future" gfx="Collectibles_158_CrystalBall.png" id="158" maxcharges="6" name="Crystal Ball" />
	<passive cache="flying tearflag tearcolor" description="Scary" devilprice="2" gfx="Collectibles_159_SpiritOfTheNight.png" id="159" name="Spirit of the Night" />
	<active cooldown="30" description="Holy white death" gfx="Collectibles_160_CrackTheSky.png" id="160" maxcharges="4" name="Crack the Sky" />
	<passive description="Eternal life?" gfx="Collectibles_161_Ankh.png" id="161" name="Ankh" />
	<passive achievement="50" cooldown="200" description="You feel blessed" gfx="Collectibles_162_CelticCross.png" id="162" name="Celtic Cross" />
	<familiar description="Spectral buddy" gfx="Collectibles_163_GhostBaby.png" id="163" name="Ghost Baby" />
	<active achievement="59" description="Reusable flames" gfx="Collectibles_164_BlueCandle.png" id="164" maxcharges="110" name="The Candle" />
	<passive cache="shotspeed damage" description="Shot speed + damage up" gfx="Collectibles_165_CatONineTails.png" id="165" name="Cat-o-nine-tails" />
	<active achievement="49" description="Reroll the basics " gfx="Collectibles_166_D20.png" id="166" maxcharges="6" name="D20" />
	<familiar description="Double shot buddy" gfx="Collectibles_167_HarlequinBaby.png" id="167" name="Harlequin Baby" />
	<passive achievement="62" cache="all" description="On-demand air strike" gfx="Collectibles_168_EpicFetus.png" id="168" name="Epic Fetus" />
	<passive cache="damage firedelay tearflag" description="Mega tears" gfx="Collectibles_169_Polyphemus.png" id="169" name="Polyphemus" />
	<familiar description="Daddy's love" gfx="Collectibles_170_DaddyLonglegs.png" id="170" name="Daddy Longlegs" />
	<active cooldown="120" description="Mass enemy slowdown + damage" gfx="Collectibles_171_SpiderButt.png" id="171" maxcharges="2" name="Spider Butt" />
	<familiar achievement="53" description="My fate protects me" gfx="Collectibles_172_SacrificialDagger.png" id="172" name="Sacrificial Dagger" />
	<passive description="You feel blessed" gfx="Collectibles_173_Mitre.png" id="173" name="Mitre" />
	<familiar description="Random buddy" gfx="Collectibles_174_RainbowBaby.png" id="174" name="Rainbow Baby" />
	<active achievement="58" description="Opens all doors..." gfx="Collectibles_175_DadsKey.png" id="175" maxcharges="2" name="Dad's Key" />
	<passive cache="shotspeed" description="HP up" gfx="Collectibles_176_StemCells.png" hearts="2" id="176" maxhearts="2" name="Stem Cells" />
	<active cooldown="30" description="Gamble 24/7" gfx="Collectibles_177_PortableSlot.png" id="177" maxcharges="0" name="Portable Slot" />
	<familiar description="Splash!" gfx="Collectibles_178_HolyWater.png" id="178" name="Holy Water" />
	<passive achievement="113" cache="flying" description="Flight eternal" gfx="Collectibles_179_Fate.png" id="179" name="Fate" />
	<passive description="Toot on touch" gfx="Collectibles_180_BlackBean.png" id="180" name="The Black Bean" />
	<active cache="flying speed" description="Flight + holy death" gfx="Collectibles_181_WhitePony.png" id="181" maxcharges="6" name="White Pony" />
	<passive cache="damage firedelay range shotspeed tearcolor tearflag" description="Homing shots + DMG up" gfx="Collectibles_182_SacredHeart.png" hearts="99" id="182" maxhearts="2" name="Sacred Heart" />
	<passive cache="shotspeed firedelay" description="Tears + shot speed up" gfx="Collectibles_183_ToothPicks.png" id="183" name="Tooth Picks" />
	<passive cache="flying" description="Flight + HP up" gfx="Collectibles_184_HolyGrail.png" hearts="2" id="184" maxhearts="2" name="Holy Grail" />
	<passive cache="flying tearflag tearcolor" description="Flight + spectral tears" gfx="Collectibles_185_DeadDove.png" id="185" name="Dead Dove" />
	<active achievement="56" description="Mass enemy damage at a cost" gfx="Collectibles_186_BloodRights.png" id="186" maxcharges="0" name="Blood Rights" />
	<familiar achievement="65" description="Swing it" devilprice="2" gfx="Collectibles_187_GuppysHairball.png" id="187" name="Guppy's Hairball" />
	<familiar achievement="51" description="Mirrored buddy" gfx="Collectibles_188_Abel.png" id="188" name="Abel" />
	<passive achievement="63" cache="firedelay damage speed range" description="All stats up" gfx="Collectibles_189_SMBSuperFan.png" hearts="99" id="189" maxhearts="2" name="SMB Super Fan" />
	<passive bombs="99" description="99 bombs" gfx="Collectibles_190_Pyro.png" id="190" name="Pyro" />
	<passive description="Rainbow tears" gfx="Collectibles_191_3DollarBill.png" id="191" name="3 Dollar Bill" />
	<active cache="tearflag tearcolor" description="Temporary psychic shot" gfx="Collectibles_192_TelepathyForDummies.png" id="192" maxcharges="2" name="Telepathy For Dummies" />
	<passive cache="damage" description="DMG + HP up" gfx="Collectibles_193_Meat.png" hearts="2" id="193" maxhearts="2" name="MEAT!" />
	<passive cache="shotspeed" description="Shot speed up" gfx="Collectibles_194_Magic8Ball.png" id="194" name="Magic 8 Ball" />
	<passive description="What's all this...?" gfx="Collectibles_195_MomsCoinPurse.png" id="195" name="Mom's Coin Purse" />
	<passive cache="firedelay" description="Tears up" gfx="Collectibles_196_Squeezy.png" id="196" name="Squeezy" />
	<passive cache="damage range" description="Damage + range up" gfx="Collectibles_197_JesusJuice.png" id="197" name="Jesus Juice" />
	<passive description="Stuff" gfx="Collectibles_198_Box.png" id="198" name="Box" />
	
	<passive description="Less is now more +2 keys" gfx="collectibles_199_momskey.png" id="199" keys="2" name="Mom's Key" />
	<passive cache="tearcolor" description="Charm tears" gfx="collectibles_200_momseyeshadow.png" id="200" name="Mom's Eyeshadow" />
	<passive cache="damage" description="Concussive tears" gfx="collectibles_201_ironbar.png" id="201" name="Iron Bar" />
	<passive description="Golden touch" gfx="collectibles_202_midastouch.png" id="202" name="Midas' Touch" />
	<passive description="1+1 free 4Evar" gfx="collectibles_203_humblingbundle.png" id="203" name="Humbleing Bundle" />
	<passive description="Filled with goodies" gfx="collectibles_204_fannypack.png" id="204" name="Fanny Pack" />
	<passive description="Charge with blood" gfx="collectibles_205_sharpplug.png" id="205" name="Sharp Plug" />
	<familiar achievement="107" cache="damage firedelay" description="An out-of-body experience" gfx="collectibles_206_guillotine.png" id="206" name="Guillotine" />
	<familiar achievement="6" description="Gotta lick 'em all!" gfx="collectibles_207_ballofbandages.png" id="207" name="Ball of Bandages" />
	<passive cache="damage" description="DMG + Challenge up" gfx="collectibles_208_championbelt.png" id="208" name="Champion Belt" />
	<passive bombs="5" description="Toxic blast +5 bombs" gfx="collectibles_209_buttbombs.png" id="209" name="Butt Bombs" />
	<passive description="Unbreakable" gfx="Collectibles_210_GnawedLeaf.png" id="210" name="Gnawed Leaf" />
	<passive description="Spider revenge" gfx="collectibles_211_spiderbaby.png" id="211" name="Spiderbaby" />
	<passive description="Eternal life?" devilprice="2" gfx="Collectibles_212_GuppysCollar.png" id="212" name="Guppy's Collar" />
	<passive cache="shotspeed" description="Shielded tears" gfx="collectibles_213_lostcontact.png" id="213" name="Lost Contact" />
	<passive cache="range" description="Toxic blood" gfx="collectibles_214_anemic.png" id="214" name="Anemic" />
	<passive description="He accepts your offering" gfx="collectibles_215_goathead.png" id="215" name="Goat Head" />
	<passive cache="damage" blackhearts="6" description="Sin up" gfx="Collectibles_216_CeremonialRobes.png" id="216" name="Ceremonial Robes" />
	<passive cache="firedelay" description="You feel itchy..." gfx="collectibles_217_momswig.png" hearts="2" id="217" name="Mom's Wig" />
	<passive description="Regeneration + HP up" gfx="collectibles_218_placenta.png" hearts="2" id="218" maxhearts="2" name="Placenta" />
	<passive description="HP up" gfx="collectibles_219_oldbandage.png" id="219" maxhearts="2" name="Old Bandage" />
	<passive bombs="5" description="Tear blasts +5 bombs" gfx="collectibles_220_sadbombs.png" id="220" name="Sad Bombs" />
	<passive achievement="150" cache="tearcolor" description="Bouncing tears" gfx="collectibles_221_rubbercement.png" id="221" name="Rubber Cement" />
	<passive cache="firedelay tearflag" description="Anti-gravity tears + tears up" gfx="collectibles_222_antigravity.png" id="222" name="Anti-Gravity" />
	<passive bombs="5" description="It hurts so good +5 bombs" gfx="collectibles_223_pyromaniac.png" id="223" name="Pyromaniac" />
	<passive cache="firedelay range tearflag" description="Splash damage + tears up" gfx="collectibles_224_cricketsbody.png" id="224" name="Cricket's Body" />
	<passive description="Sweet suffering" gfx="collectibles_225_gimpy.png" id="225" name="Gimpy" />
	<passive blackhearts="2" description="HP up x3" gfx="collectibles_226_blacklotus.png" hearts="2" id="226" maxhearts="2" name="Black Lotus" soulhearts="2" />
	<passive coins="3" description="My life savings" gfx="collectibles_227_piggybank.png" id="227" name="Piggy Bank" />
	<passive cache="firedelay tearcolor" description="Fear shot" gfx="collectibles_228_momsperfume.png" id="228" name="Mom's Perfume" />
	<passive cache="all" description="Charged attack" gfx="collectibles_229_monstroslung.png" id="229" name="Monstro's Lung" />
	<passive achievement="128" cache="damage speed" description="Evil + DMG up + fear shot" devilprice="2" gfx="collectibles_230_abaddon.png" id="230" name="Abaddon" />
	<passive cache="tearcolor" description="Sticky feet..." gfx="collectibles_231_balloftar.png" id="231" name="Ball of Tar" />
	<passive achievement="138" cache="speed" description="Let's slow this down a bit..." gfx="collectibles_232_stopwatch.png" id="232" name="Stop Watch" />
	<passive cache="all" description="Orbiting tears + range up" gfx="collectibles_233_tinyplanet.png" id="233" name="Tiny Planet" />
	<passive description="Infestation shot" gfx="collectibles_234_infestation2.png" id="234" name="Infestation 2" />
	
	<passive description="Turdy touch" gfx="collectibles_236_ecoli.png" id="236" name="E. Coli" />
	<passive achievement="103" cache="tearflag firedelay damage" description="Penetrative shot + DMG up" devilprice="2" gfx="collectibles_237_deathstouch.png" id="237" name="Death's Touch" />
	<familiar description="???" gfx="collectibles_238_keypiece1.png" id="238" name="Key Piece 1" />
	<familiar description="???" gfx="collectibles_239_keypiece2.png" id="239" name="Key Piece 2" />
	<passive achievement="141" cache="all" description="All stats up... then shuffled" gfx="collectibles_240_experimentaltreatment.png" id="240" name="Experimental Treatment" />
	<passive description="Wealth... but at what cost?" gfx="collectibles_241_contractfrombelow.png" id="241" name="Contract from Below" />
	<passive description="Damage reduction" gfx="collectibles_242_infamy.png" id="242" name="Infamy" />
	<passive cache="weapon" description="You feel guarded " gfx="collectibles_243_trinityshield.png" id="243" name="Trinity Shield" />
	<passive achievement="104" description="It's still being tested..." gfx="collectibles_244_techpointfive.png" id="244" name="Tech.5" />
	<passive description="Double shot" gfx="collectibles_245_2020.png" id="245" name="20/20" />
	<passive achievement="134" description="Secrets" gfx="collectibles_246_bluemap.png" id="246" name="Blue Map" />
	<passive description="Your friends rule" gfx="collectibles_247_bffs.png" id="247" name="BFFS!" />
	<passive description="Giant spiders and flies" gfx="collectibles_248_hivemind.png" id="248" name="Hive Mind" />
	<passive achievement="135" description="More options" gfx="collectibles_249_theresoptions.png" id="249" name="There's Options" />
	<passive description="1+1 BOOM!" gfx="collectibles_250_bogobombs.png" id="250" name="BOGO Bombs" />
	<passive description="Extra card room" gfx="collectibles_251_starterdeck.png" id="251" name="Starter Deck" />
	<passive achievement="146" description="Extra pill room" gfx="collectibles_252_littlebaggy.png" id="252" name="Little Baggy" />
	<passive cache="luck" description="HP + luck up" gfx="collectibles_253_magicscab.png" hearts="2" id="253" maxhearts="2" name="Magic Scab" />
	<passive description="DMG + range up" gfx="collectibles_254_bloodclot.png" id="254" name="Blood Clot" />
	<passive cache="firedelay shotspeed" description="Tears + shot speed up" gfx="collectibles_255_screw.png" id="255" name="Screw" />
	<passive bombs="5" description="Burning blast +5 bombs" gfx="collectibles_256_hotbombs.png" id="256" name="Hot Bombs" />
	<passive description="Flaming tears" gfx="collectibles_257_firemind.png" id="257" name="Fire Mind" />
	<passive achievement="105" cache="all" description="Syntax error" gfx="collectibles_258_missingno.png" id="258" name="Missing No." />
	<passive cache="damage" description="Fear shot" gfx="collectibles_259_darkmatter.png" id="259" name="Dark Matter" />
	<passive achievement="136" description="Curse immunity + evil up" gfx="collectibles_260_blackcandle.png" id="260" hearts="1" maxhearts="2" name="Black Candle" />
	<passive cache="tearflag damage" description="Short range mega tears" gfx="collectibles_261_proptosis.png" id="261" name="Proptosis" />
	<passive blackhearts="2" description="Evil up. Your enemies will pay!" gfx="collectibles_262_missingpage2.png" id="262" name="Missing Page 2" />
	
	<familiar description="Revenge fly" gfx="collectibles_264_smartfly.png" id="264" name="Smart Fly" />
	<familiar description="Immortal friend" gfx="collectibles_265_drybaby.png" id="265" name="Dry Baby" />
	<familiar description="Sticky babies" gfx="collectibles_266_juicysack.png" id="266" name="Juicy Sack" />
	<familiar achievement="102" description="We worked out all the kinks" gfx="collectibles_267_robobaby2.png" id="267" name="Robo-Baby 2.0" />
	<familiar description="Infested friend" gfx="collectibles_268_rottenbaby.png" id="268" name="Rotten Baby" />
	<familiar description="Bloody friend" gfx="collectibles_269_headlessbaby.png" id="269" name="Headless Baby" />
	<familiar description="Blood sucker" gfx="collectibles_270_leech.png" id="270" name="Leech" />
	<familiar achievement="124" description="?" gfx="collectibles_271_mysterysack.png" id="271" name="Mystery Sack" />
	<familiar description="Big Beautiful Fly" gfx="collectibles_272_bff.png" id="272" name="BBF" />
	<familiar description="Explosive thoughts" gfx="collectibles_273_bobsbrain.png" id="273" name="Bob's Brain" />
	<familiar description="Sworn protector" gfx="collectibles_274_bestbud.png" id="274" name="Best Bud" />
	<familiar description="Evil friend" gfx="collectibles_275_lilbrimstone.png" devilprice="2" id="275" name="Lil' Brimstone" />
	<familiar achievement="129" description="Protect it" gfx="collectibles_276_isaacsheart.png" id="276" name="Isaac's Heart" />
	<familiar description="Fear him" gfx="collectibles_277_lilhaunt.png" id="277" name="Lil' Haunt" />
	<familiar description="He wants to take your life" gfx="collectibles_278_darkbum.png" id="278" name="Dark Bum" />
	<familiar description="Fat protector" gfx="collectibles_279_bigfan.png" id="279" name="Big Fan" />
	<familiar description="She loves you" gfx="collectibles_280_sissylonglegs.png" id="280" name="Sissy Longlegs" />
	<familiar description="Scape goat" gfx="collectibles_281_punchingbag.png" id="281" name="Punching Bag" />
	<active cooldown="14" description="It's time you learned how" gfx="collectibles_282_howtojump.png" id="282" maxcharges="0" name="How to Jump" />
	<active achievement="133" description="REEROLLLLL!" gfx="collectibles_283_d100.png" id="283" maxcharges="6" name="D100" />
	<active achievement="148" description="Reroll into something else" gfx="collectibles_284_d4.png" id="284" maxcharges="6" name="D4" />
	<active description="Reroll enemies" gfx="collectibles_285_d10.png" id="285" maxcharges="1" name="D10" />
	<active achievement="121" description="Card mimic" gfx="collectibles_286_blankcard.png" id="286" maxcharges="4" name="Blank Card" />
	<active achievement="122" description="???" gfx="collectibles_287_bookofsecrets.png" id="287" maxcharges="6" name="Book of Secrets" />
	<active description="It's a box of spiders" gfx="collectibles_288_boxofspiders.png" id="288" maxcharges="2" name="Box of Spiders" />
	<active achievement="137" description="Flame on" gfx="collectibles_289_redcandle.png" id="289" maxcharges="110" name="Red Candle" />
	<active description="Save your life" gfx="collectibles_290_thejar.png" id="290" maxcharges="0" name="The Jar" />
	<active description="..." gfx="collectibles_291_flush.png" id="291" maxcharges="6" name="Flush!" />
	<active achievement="126" description="Reusable evil" devilprice="2" gfx="collectibles_292_satanicbible.png" id="292" maxcharges="6" name="Satanic Bible" />
	<active achievement="143" description="Krampus rage" gfx="collectibles_293_headofkrampus.png" id="293" maxcharges="6" name="Head of Krampus" />
	<active achievement="145" description="Reusable knock-back" gfx="collectibles_294_butterbean.png" id="294" maxcharges="90" name="Butter Bean" />
	<active description="Pay to play" gfx="collectibles_295_magicfingers.png" id="295" maxcharges="0" name="Magic Fingers" />
	<active description="Convert your soul" gfx="collectibles_296_converter.png" id="296" maxcharges="0" name="Converter" />
	<active achievement="119" description="? ?" gfx="collectibles_297_bluebox.png" id="297" maxcharges="0" name="Pandora's Box" />
	<active cache="speed" cooldown="180" description="You feel stumped" gfx="collectibles_298_unicornstump.png" id="298" maxcharges="1" name="Unicorn Stump" />
	<passive cache="speed" description="Speed down + rage is building" gfx="collectibles_299_taurus.png" id="299" name="Taurus" />
	<passive cache="speed" description="Ramming speed" gfx="collectibles_300_aries.png" id="300" name="Aries" />
	<passive description="HP up + you feel protected" gfx="collectibles_301_cancer.png" id="301" name="Cancer" soulhearts="6" />
	<passive description="Stompy" gfx="collectibles_302_leo.png" id="302" name="Leo" />
	<passive description="You feel refreshed and protected" gfx="collectibles_303_virgo.png" id="303" name="Virgo" />
	<passive bombs="6" cache="speed firedelay damage range" coins="6" description="You feel balanced" gfx="collectibles_304_libra.png" id="304" keys="6" name="Libra" />
	<passive cache="tearflag" description="Poison tears" gfx="collectibles_305_scorpio.png" id="305" name="Scorpio" />
	<passive cache="tearflag speed" description="Penetrative shot + speed up" gfx="collectibles_306_sagittarius.png" id="306" name="Sagittarius" />
	<passive bombs="1" cache="speed firedelay damage range" coins="1" description="All stats up" gfx="collectibles_307_capricorn.png" hearts="2" id="307" keys="1" maxhearts="2" name="Capricorn" />
	<passive description="Trail of tears" gfx="collectibles_308_aquarius.png" id="308" name="Aquarius" />
	<passive cache="firedelay tearflag" description="Tears up + knock-back shot" gfx="collectibles_309_pisces.png" id="309" name="Pisces" />
	<passive achievement="112" cache="shotspeed damage tearcolor firedelay" description="Shot speed down + DMG up" gfx="collectibles_310_evesmascara.png" id="310" name="Eve's Mascara" />
	<passive achievement="108" description="Sweet revenge" devilprice="2" gfx="collectibles_311_judasshadow.png" id="311" name="Judas' Shadow" />
	<passive achievement="109" description="HP up + you feel healthy" gfx="collectibles_312_maggysbow.png" hearts="2" id="312" maxhearts="2" name="Maggy's Bow" />
	<passive description="Holy shield" gfx="collectibles_313_holymantle.png" id="313" name="Holy Mantle" />
	<passive cache="speed" description="HP up + speed down + you feel stompy" gfx="collectibles_314_thunderthighs.png" hearts="2" id="314" maxhearts="2" name="Thunder Thighs" />
	<passive cache="tearflag" description="Magnetic tears" gfx="collectibles_315_strangeattractor.png" id="315" name="Strange Attractor" />
	<passive cache="all" description="Cursed charge shot" gfx="collectibles_316_cursedeye.png" id="316" name="Cursed Eye" />
	<passive description="Toxic splash damage" gfx="collectibles_317_mysteriousliquid.png" id="317" name="Mysterious Liquid" />
	<familiar description="Conjoined friend" gfx="collectibles_318_gemini.png" id="318" name="Gemini" />
	<familiar achievement="110" description="Near-sighted friend" gfx="collectibles_319_cainseye.png" id="319" name="Cain's Other Eye" />
	<familiar achievement="114" description="Controlled friend" gfx="collectibles_320_bluebabysonlyfriend.png" id="320" name="???'s Only Friend" />
	<familiar achievement="115" description="The ol' ball and chain" gfx="collectibles_321_samsonschains.png" id="321" name="Samson's Chains" />
	<familiar description="Mongo friend" gfx="collectibles_322_mongobaby.png" id="322" name="Mongo Baby" />
	<active achievement="106" description="Collected tears" gfx="collectibles_323_isaacstears.png" id="323" maxcharges="6" name="Isaac's Tears" />
	<active achievement="125" description="Undefined" gfx="collectibles_324_Undefined.png" id="324" maxcharges="6" name="Undefined" />
	<active achievement="30" cache="familiars" description="Lose your head" gfx="collectibles_325_scissors.png" id="325" maxcharges="6" name="Scissors" />
	<active cooldown="31" description="Invincibility at a cost" gfx="collectibles_326_breathoflife.png" id="326" maxcharges="6" name="Breath of Life" />
	<passive achievement="57" cooldown="150" description="Fate chosen" gfx="collectibles_327_thepolaroid.png" id="327" name="The Polaroid" />
	<passive achievement="78" description="Fate chosen" gfx="collectibles_328_thenegative.png" id="328" name="The Negative" />
	<passive cache="all" description="Controlled tears" gfx="collectibles_329_theludovicotechnique.png" id="329" name="The Ludovico Technique" />
	<passive cache="firedelay damage tearcolor" description="DMG down + tears way up" gfx="collectibles_330_soymilk.png" id="330" name="Soy Milk" />
	<passive achievement="156" cache="tearflag shotspeed firedelay range damage" description="God tears" gfx="collectibles_331_godhead.png" id="331" name="Godhead" />
	<passive achievement="116" cache="" description="Eternal life?" gfx="collectibles_332_lazarusrags.png" id="332" name="Lazarus' Rags" />
	<passive achievement="130" cache="" description="I know all" gfx="collectibles_333_mind.png" id="333" name="The Mind" />
	<passive achievement="131" cache="" description="I feel all" gfx="collectibles_334_body.png" hearts="6" id="334" maxhearts="6" name="The Body" />
	<passive achievement="132" cache="" description="I am all" gfx="collectibles_335_soul.png" id="335" name="The Soul" soulhearts="4" />
	<passive cache="tearcolor tearflag range shotspeed" description="Toxic aura tears" gfx="collectibles_336_deadonion.png" id="336" name="Dead Onion" />
	<passive cache="" description="I think it's broken" gfx="collectibles_337_brokenwatch.png" id="337" name="Broken Watch" />
	<active description="It will never leave you" gfx="collectibles_338_boomerang.png" id="338" maxcharges="110" name="The Boomerang" />
	<passive blackhearts="2" cache="range shotspeed" description="Evil + range + shot speed up" gfx="collectibles_339_SafetyPin.png" id="339" name="Safety Pin" />
	<passive cache="speed" description="Speed up + size down" gfx="collectibles_340_CaffeinePill.png" id="340" name="Caffeine Pill" />
	<passive cache="shotspeed firedelay" description="Tears + shot speed up" gfx="collectibles_341_TornPhoto.png" id="341" name="Torn Photo" />
	<passive cache="shotspeed firedelay" description="HP + tears up + shot speed down" gfx="collectibles_342_BlueCap.png" hearts="2" id="342" maxhearts="2" name="Blue Cap" />
	<passive cache="luck" description="Luck up" gfx="collectibles_343_LatchKey.png" id="343" name="Latch Key" soulhearts="2" />
	<passive blackhearts="2" description="Evil up" gfx="collectibles_344_MatchBook.png" id="344" name="Match Book" />
	<passive cache="damage range" description="DMG + range up" gfx="collectibles_345_Synthoil.png" id="345" name="Synthoil" />
	<passive description="HP up" gfx="collectibles_346_ASnack.png" hearts="2" id="346" maxhearts="2" name="A Snack" />

	<trinket achievement="101" description="Gulp!" gfx="trinket_001_swallowedpenny.png" id="1" name="Swallowed Penny" />
	<trinket description="It feels lucky?" gfx="trinket_002_petrifiedpoop.png" id="2" name="Petrified Poop" />
	<trinket description="Trickle charge" gfx="trinket_003_aaabattery.png" id="3" name="AAA Battery" />
	<trinket achievement="0" description="It's broken" gfx="trinket_004_brokenremote.png" id="4" name="Broken Remote" />
	<trinket description="Challenge up" gfx="trinket_005_purpleheart.png" id="5" name="Purple Heart" />
	<trinket description="It kinda works" gfx="trinket_006_brokenmagnet.png" id="6" name="Broken Magnet" />
	<trinket description="Faith up" gfx="trinket_007_rosarybead.png" id="7" name="Rosary Bead" />
	<trinket description="I remember these" gfx="trinket_008_cartridge.png" id="8" name="Cartridge" />
	<trinket cache="tearflag" description="Wub wub!" gfx="trinket_009_pulseworm.png" id="9" name="Pulse Worm" />
	<trinket cache="tearflag" description="Wiggle waggle!" gfx="trinket_010_wiggleworm.png" id="10" name="Wiggle Worm" />
	<trinket cache="tearflag" description="Woop woop!" gfx="trinket_011_ringworm.png" id="11" name="Ring Worm" />
	<trinket cache="tearflag" description="Blub blub!" gfx="trinket_012_flatworm.png" id="12" name="Flat Worm" />
	<trinket achievement="118" description="YES!" gfx="trinket_013_storecredit.png" id="13" name="Store Credit" />
	<trinket description="Your feet feel stronger" gfx="trinket_014_callus.png" id="14" name="Callus" />
	<trinket achievement="85" description="There's something inside it" gfx="trinket_015_luckyrock.png" id="15" name="Lucky Rock" />
	<trinket description="???" gfx="trinket_016_momstoenail.png" id="16" name="Mom's Toenail" />
	<trinket achievement="111" description="Evil up" gfx="trinket_017_blacklipstick.png" id="17" name="Black Lipstick" />
	<trinket description="Faith up" gfx="trinket_018_bibletract.png" id="18" name="Bible Tract" />
	<trinket description="Master of lockpicking" gfx="trinket_019_paperclip.png" id="19" name="Paper Clip" />
	<trinket description="Wish granted" gfx="trinket_020_monkeypaw.png" id="20" name="Monkey Paw" />
	<trinket achievement="123" description="???" gfx="trinket_021_mysteriouspaper.png" id="21" name="Mysterious Paper" />
	<trinket achievement="127" description="Evil up" gfx="trinket_022_daemonstail.png" id="22" name="Daemon's Tail" />
	<trinket achievement="149" description="???" gfx="trinket_023_missingposter.png" id="23" name="Missing Poster" />
	<trinket description="Wealth of gas" gfx="trinket_024_buttpenny.png" id="24" name="Butt Penny" />
	<trinket description="Uh-oh!" gfx="trinket_025_mysteriouscandy.png" id="25" name="Mysterious Candy" />
	<trinket cache="tearflag range" description="Zip zoop!" gfx="trinket_026_hookworm.png" id="26" name="Hook Worm" />
	<trinket cache="shotspeed" description="Wooosh!" gfx="trinket_027_whipworm.png" id="27" name="Whip Worm" />
	<trinket achievement="117" description="Eternal life?" gfx="trinket_028_brokenankh.png" id="28" name="Broken Ankh" />
	<trinket description="It stinks" gfx="trinket_029_fishhead.png" id="29" name="Fish Head" />
	<trinket description="Poison shots" gfx="trinket_030_pinkyeye.png" id="30" name="Pinky Eye" />
	<trinket description="Piercing shots" gfx="trinket_031_pushpin.png" id="31" name="Push Pin" />
	<trinket description="Touch fuzzy, get dizzy" gfx="trinket_032_libertycap.png" id="32" name="Liberty Cap" />
	<trinket description="Fetal protection" gfx="trinket_033_umbilicalcord.png" id="33" name="Umbilical Cord" />
	<trinket description="It calls out to its brothers" gfx="trinket_034_childsheart.png" id="34" name="Child's Heart" />
	<trinket achievement="52" cache="damage" description="DMG up" gfx="trinket_035_curvedhorn.png" id="35" name="Curved Horn" />
	<trinket description="It feels lucky?" gfx="trinket_036_rustedkey.png" id="36" name="Rusted Key" />
	<trinket cache="speed" description="Speed up" gfx="trinket_037_goathoof.png" id="37" name="Goat Hoof" />
	<trinket description="It emanates purity " gfx="trinket_038_momspearl.png" id="38" name="Mom's Pearl" />
	<trinket cache="firedelay" description="Yay, cancer!" gfx="trinket_039_cancer.png" id="39" name="Cancer" />
	<trinket cache="damage" description="Your rage grows" gfx="trinket_040_redpatch.png" id="40" name="Red Patch" />
	<trinket description="Tastes like burning" gfx="trinket_041_matchstick.png" id="41" name="Match Stick" />
	<trinket achievement="61" cache="luck" description="Luck up!" gfx="trinket_042_luckytoe.png" id="42" name="Lucky Toe" />
	<trinket description="Cursed?" gfx="trinket_043_cursedskull.png" id="43" name="Cursed Skull" />
	<trinket description="Don't swallow it" gfx="trinket_044_safetycap.png" id="44" name="Safety Cap" />
	<trinket description="Luck of the draw" gfx="trinket_045_aceofspades.png" id="45" name="Ace of Spades" />
	<trinket description="Consume thy enemy" gfx="trinket_046_isaacsfork.png" id="46" name="Isaac's Fork" />
	
	<trinket description="It glows with power" gfx="trinket_048_amissingpage.png" id="48" name="A Missing Page" />
	<trinket achievement="55" description="Wealth of health" gfx="trinket_049_bloodypenny.png" id="49" name="Bloody Penny" />
	<trinket achievement="60" description="Wealth of chaos" gfx="trinket_050_burntpenny.png" id="50" name="Burnt Penny" />
	<trinket description="Wealth of answers" gfx="trinket_051_flatpenny.png" id="51" name="Flat Penny" />
	<trinket achievement="64" description="Wealth of wealth" gfx="trinket_052_counterfeitpenny.png" id="52" name="Counterfeit Penny" />
	<trinket description="Well, that's not coming off" gfx="trinket_053_tick.png" id="53" name="Tick" />
	<trinket achievement="70" cache="familiars" description="Dead friend" gfx="trinket_054_isaacshead.png" id="54" name="Isaac's Head" />
	<trinket achievement="71" description="Faith's reward" gfx="trinket_055_maggysfaith.png" id="55" name="Maggy's Faith" />
	<trinket achievement="72" description="Payment received " gfx="trinket_056_judastongue.png" id="56" name="Judas' Tongue" />
	<trinket achievement="73" cache="familiars" description="Imaginary friend" gfx="trinket_057_qmarkssoul.png" id="57" name="???'s Soul" />
	<trinket achievement="74" cache="damage" description="Your rage grows" gfx="trinket_058_samsonslock.png" id="58" name="Samson's Lock" />
	<trinket achievement="75" description="May you see your destination" gfx="trinket_059_cainseye.png" id="59" name="Cain's Eye" />
	<trinket achievement="76" cache="familiars" description="Revenge from beyond" gfx="trinket_060_evesbirdfoot.png" id="60" name="Eve's Bird Foot" />
	<trinket achievement="77" description="The left-hand path reaps dark rewards" gfx="trinket_061_thelefthand.png" id="61" name="The Left Hand" />
</items>
